employee_id,first_name,last_name,email,phone,department,title,hire_date,salary,manager_id,office_location,status,performance_rating,years_at_company
2754173a-63e9-42e2-b8a0-34eb11fac013,Kathryn,Reese,kathryn.reese@insighthub-internal.com,406-277-6191x82779,Sales,VP of Sales,2024-11-22,58000,,Atlanta,Active,5,1.5
e9d1dc6b-b16e-4b5f-bc71-608e46901d43,Felicia,Gray,felicia.gray@insighthub-internal.com,497-735-7013x595,Marketing,CMO,2014-12-14,106000,,Atlanta,Active,4,11.5
22e8d4b7-bb2e-4be6-8055-0ff62cc29846,Deborah,Austin,deborah.austin@insighthub-internal.com,240-909-1534,HR,CHRO,2019-03-03,68000,,San Francisco,Active,5,7.3
1f21ede9-db19-40b8-a081-b53b07a3b63b,Jessica,Schultz,jessica.schultz@insighthub-internal.com,453-250-3817x61063,Engineering,VP of Engineering,2025-07-21,170000,,Austin,Active,3,0.9
e2f5f94e-cf7a-466f-8e6e-5b12a29744a4,Wesley,Weaver,wesley.weaver@insighthub-internal.com,001-796-806-8574x746,Customer Support,Support Manager,2020-10-20,71000,,Chicago,Active,5,5.6
61d04f7d-1ee6-4d83-a323-f2d1805e2523,Brooke,Scott,brooke.scott@insighthub-internal.com,586.796.0936x44136,HR,CHRO,2025-09-15,68000,,San Francisco,Active,5,0.7
9f1dc477-c3fa-4e40-a3c6-e01a34744e6d,Jennifer,Skinner,jennifer.skinner@insighthub-internal.com,515-225-8903,Customer Support,Support Manager,2018-01-04,75000,,Austin,Active,1,8.4
e7560864-e38d-4c3d-babe-c40bd1151599,Michael,Murray,michael.murray@insighthub-internal.com,+1-358-347-7873x99981,Customer Support,Support Manager,2020-01-12,54000,,New York,Active,3,6.4
e85ee363-0307-405e-b0a9-feeff9a9b10d,Alexander,Bowman,alexander.bowman@insighthub-internal.com,001-845-410-6773x70250,Marketing,CMO,2020-09-17,79000,,Remote,Active,5,5.7
f85f50eb-aa6e-4c4d-818e-62450aa9916d,Mark,Sanchez,mark.sanchez@insighthub-internal.com,+1-202-986-2004x16077,Marketing,CMO,2023-10-15,94000,,Atlanta,Active,5,2.6
a272a08e-8815-4ef7-8c46-60003b0a0272,Russell,Gould,russell.gould@insighthub-internal.com,+1-370-419-4542x72957,Engineering,VP of Engineering,2017-11-05,158000,,Chicago,Active,4,8.6
64cdeda9-851b-45d1-b5b4-c0f1bccbfbe7,Lori,Dominguez,lori.dominguez@insighthub-internal.com,9154736784,Customer Support,Support Manager,2016-09-14,50000,,Seattle,Active,5,9.7
3041207d-d7af-4130-bee6-2d271e81b371,Chelsea,Chaney,chelsea.chaney@insighthub-internal.com,468-576-2797,Marketing,CMO,2016-04-18,110000,,Seattle,Active,5,10.1
f4aea251-4ec2-4fb3-b7eb-3b44ff459319,Paige,Higgins,paige.higgins@insighthub-internal.com,593-861-9203x6661,Sales,VP of Sales,2020-08-23,90000,,Chicago,On Leave,3,5.8
dc2f5647-ae43-42bc-a22e-2e6616dd9cb9,Cynthia,Bradshaw,cynthia.bradshaw@insighthub-internal.com,636.736.5508x5959,Operations,COO,2019-12-02,93000,,Chicago,Terminated,3,6.5
9d6bfac9-163c-4765-89b1-d20ce65da408,Andrea,Hancock,andrea.hancock@insighthub-internal.com,2652512974,Customer Support,Support Manager,2025-12-12,75000,,Austin,Active,4,0.5
935783ee-4a8f-4469-a2ee-4c6bb9d66c9c,Thomas,Ellis,thomas.ellis@insighthub-internal.com,+1-425-377-2288x0122,Operations,COO,2015-05-19,101000,,New York,Active,5,11.0
14a42899-a35f-4e8a-8019-63a30e074822,Tammie,Mccarty,tammie.mccarty@insighthub-internal.com,782-976-4481,Operations,COO,2014-06-20,66000,,Chicago,Active,4,12.0
8ed82332-9b5d-49ec-8ee7-49262c739ffc,Emily,Davis,emily.davis@insighthub-internal.com,647.420.9896,Customer Support,Support Manager,2014-11-02,61000,,Remote,Active,2,11.6
a3c18000-6f5c-4c35-94f0-b7d07c31c103,Kelly,Cruz,kelly.cruz@insighthub-internal.com,(754)312-4292x819,Customer Support,Support Manager,2023-02-26,70000,,Seattle,Active,4,3.3
270df86f-c8a9-4dc6-aee5-172628a42d58,Steven,Mendoza,steven.mendoza@insighthub-internal.com,380-357-7565,Customer Support,Support Manager,2019-08-09,42000,,Seattle,On Leave,5,6.8
9cce7d01-708e-472c-824a-ee69d849cde0,Kenneth,Mills,kenneth.mills@insighthub-internal.com,(875)785-6414,Marketing,CMO,2017-09-30,109000,,Boston,Active,1,8.7
7c96b3bd-730a-4a9e-b546-b95ec3ceee3e,Theresa,Richmond,theresa.richmond@insighthub-internal.com,+1-664-873-2838x38335,Finance,CFO,2023-08-20,111000,,Atlanta,Active,1,2.8
909edffb-a072-4476-b02a-0beac6ebf5fa,John,Lynn,john.lynn@insighthub-internal.com,693-245-8634,Customer Support,Support Manager,2014-07-22,51000,,Remote,Active,4,11.9
9f4947fb-8819-4602-b0b7-c3fb483615fe,Jared,Hill,jared.hill@insighthub-internal.com,(460)372-0462,Finance,Senior Financial Analyst,2016-03-31,105000,e9d1dc6b-b16e-4b5f-bc71-608e46901d43,Remote,Active,1,10.2
709c41f7-44e0-4a4d-ba32-e7ebd9c4be88,Timothy,Adams,timothy.adams@insighthub-internal.com,727-911-4500,Engineering,Software Engineer,2025-05-29,165000,64cdeda9-851b-45d1-b5b4-c0f1bccbfbe7,Austin,Active,3,1.0
5989fad3-d187-48fc-a9eb-18e35185d739,Kim,Ballard,kim.ballard@insighthub-internal.com,001-927-909-9424x039,Customer Support,Support Team Lead,2017-10-17,48000,e9d1dc6b-b16e-4b5f-bc71-608e46901d43,Remote,Active,3,8.6
72280630-2e47-42fa-a354-ef84df47709a,Michael,Lynn,michael.lynn@insighthub-internal.com,333-425-5457x8378,Engineering,Staff Engineer,2017-06-09,102000,e85ee363-0307-405e-b0a9-feeff9a9b10d,Austin,Active,3,9.0
572221a1-cc90-4a6f-b748-e4d67ea4273c,Deborah,Smith,deborah.smith@insighthub-internal.com,001-988-974-4013x517,Operations,Operations Manager,2017-10-21,78000,270df86f-c8a9-4dc6-aee5-172628a42d58,San Francisco,On Leave,1,8.6
52051f1a-2ce6-4358-a49f-ac57ad25e999,Sarah,Montoya,sarah.montoya@insighthub-internal.com,664.855.0401,Customer Support,Support Specialist,2018-10-08,50000,64cdeda9-851b-45d1-b5b4-c0f1bccbfbe7,New York,Active,4,7.7
77725037-df1c-42c9-84d9-42900539c4ab,Michael,Macdonald,michael.macdonald@insighthub-internal.com,+1-787-946-4686x5221,Operations,Operations Manager,2022-12-16,64000,9cce7d01-708e-472c-824a-ee69d849cde0,New York,Active,5,3.5
b45e45d9-2fcf-4299-b124-650619db0091,Cynthia,Obrien,cynthia.obrien@insighthub-internal.com,+1-800-317-3131x2710,Customer Support,Support Team Lead,2014-09-24,75000,a272a08e-8815-4ef7-8c46-60003b0a0272,Chicago,Active,1,11.7
e20ca58e-6973-4e0e-9da4-a3437869add5,Tristan,Lopez,tristan.lopez@insighthub-internal.com,319-642-1117,Sales,Sales Representative,2021-06-19,110000,2754173a-63e9-42e2-b8a0-34eb11fac013,Remote,Active,1,5.0
715a5d80-8961-4f1c-b81f-7ee89d34352a,Robert,Mckinney,robert.mckinney@insighthub-internal.com,001-966-565-8409x266,Engineering,Engineering Manager,2021-01-15,107000,e2f5f94e-cf7a-466f-8e6e-5b12a29744a4,San Francisco,Active,4,5.4
569b71ca-c9e5-4f4c-a336-65314df4d8c2,Stephanie,White,stephanie.white@insighthub-internal.com,+1-579-727-8521x3221,Operations,Operations Analyst,2017-07-24,102000,e85ee363-0307-405e-b0a9-feeff9a9b10d,Chicago,Active,3,8.9
5120f861-5830-4728-ac6c-fced75b84304,Charles,Roberts,charles.roberts@insighthub-internal.com,(322)477-1420x37252,Customer Support,Senior Support Specialist,2014-10-28,53000,9d6bfac9-163c-4765-89b1-d20ce65da408,Chicago,Active,2,11.6
aae53249-8414-420b-ac0c-3f57fdeacff1,John,Singh,john.singh@insighthub-internal.com,996.460.4748x470,Engineering,Engineering Manager,2024-08-19,170000,2754173a-63e9-42e2-b8a0-34eb11fac013,Atlanta,Active,4,1.8
c2fdc362-2cfe-44be-9044-12bf43f3445a,Jennifer,Smith,jennifer.smith@insighthub-internal.com,754.766.0247x141,Sales,Senior Account Executive,2022-03-31,118000,8ed82332-9b5d-49ec-8ee7-49262c739ffc,Remote,Active,5,4.2
5905d4d9-9c98-47ab-9d63-2ed61be03b4d,Victor,Parker,victor.parker@insighthub-internal.com,001-260-652-8873x69297,Customer Support,Support Team Lead,2017-10-15,44000,e7560864-e38d-4c3d-babe-c40bd1151599,Boston,Active,3,8.6
d992d539-d807-40fb-96c1-1d557a3cfe95,Ryan,Morgan,ryan.morgan@insighthub-internal.com,+1-908-594-9601,Engineering,Senior Software Engineer,2019-08-08,141000,7c96b3bd-730a-4a9e-b546-b95ec3ceee3e,Austin,Active,2,6.8
14564909-6e33-45a7-80d6-4853d7711a6f,Lisa,Franklin,lisa.franklin@insighthub-internal.com,+1-708-620-5834x9129,Engineering,Senior Software Engineer,2023-02-07,140000,909edffb-a072-4476-b02a-0beac6ebf5fa,Chicago,Active,5,3.3
14dfb492-b7e4-4271-80c3-d930299a6342,Ruth,Long,ruth.long@insighthub-internal.com,5012840339,Customer Support,Support Specialist,2017-10-08,62000,9d6bfac9-163c-4765-89b1-d20ce65da408,Austin,Active,2,8.7
c366c8f9-fd77-43c3-b908-5b8c5b736161,Allen,Martinez,allen.martinez@insighthub-internal.com,236.987.0606,Sales,Sales Representative,2023-06-28,119000,270df86f-c8a9-4dc6-aee5-172628a42d58,San Francisco,Active,3,2.9
d6a46e00-69fe-4a44-b961-e5907784a6f9,Breanna,Newman,breanna.newman@insighthub-internal.com,376.258.1088x4537,Engineering,Staff Engineer,2020-06-01,169000,9cce7d01-708e-472c-824a-ee69d849cde0,Seattle,Active,3,6.0
fcdeac6d-8430-4e28-8d72-02d575d325c8,Angela,Burgess,angela.burgess@insighthub-internal.com,653-505-6050x052,Customer Support,Support Team Lead,2017-03-16,50000,64cdeda9-851b-45d1-b5b4-c0f1bccbfbe7,Remote,Active,4,9.2
ab1276d0-e4d4-484f-a983-3bfb29a58f34,Matthew,Tucker,matthew.tucker@insighthub-internal.com,403-934-6894x5275,Engineering,Staff Engineer,2019-02-03,98000,3041207d-d7af-4130-bee6-2d271e81b371,Remote,Active,4,7.3
31e34b80-b718-40d7-8a6b-9b2efa2961e9,Ryan,Moore,ryan.moore@insighthub-internal.com,662-640-0670x1186,Marketing,Marketing Analyst,2022-05-30,111000,3041207d-d7af-4130-bee6-2d271e81b371,Atlanta,Active,3,4.0
83448269-d550-4522-bf6d-6af761fec1bd,Gina,Harris,gina.harris@insighthub-internal.com,5734407006,Customer Support,Support Team Lead,2019-11-22,40000,e85ee363-0307-405e-b0a9-feeff9a9b10d,Chicago,Active,1,6.5
63f40eb8-5710-492a-a177-08f75c1b2696,Stephen,Carr,stephen.carr@insighthub-internal.com,646.388.3269,HR,HR Coordinator,2017-09-11,100000,e7560864-e38d-4c3d-babe-c40bd1151599,Remote,Terminated,5,8.7
bc78f989-7511-4b00-a13b-295f95786072,Linda,Shelton,linda.shelton@insighthub-internal.com,(242)481-2578x992,Operations,Director of Operations,2018-11-02,52000,8ed82332-9b5d-49ec-8ee7-49262c739ffc,New York,Active,3,7.6
7ed47786-8d8f-4bc0-823e-2a1bae7bb80b,James,Allen,james.allen@insighthub-internal.com,001-599-488-6232x52812,Finance,Senior Financial Analyst,2020-11-11,128000,f85f50eb-aa6e-4c4d-818e-62450aa9916d,Atlanta,Active,4,5.6
bdcf62a6-d59d-4085-892a-0530f27778cc,Kathleen,Hicks,kathleen.hicks@insighthub-internal.com,+1-780-647-2520x9266,Marketing,Marketing Analyst,2019-09-28,80000,909edffb-a072-4476-b02a-0beac6ebf5fa,Atlanta,Active,3,6.7
65d8bb7d-b94f-4089-a5fe-7bdba8f339d8,Tina,Hernandez,tina.hernandez@insighthub-internal.com,001-439-747-8637x8224,Customer Support,Senior Support Specialist,2019-08-30,62000,270df86f-c8a9-4dc6-aee5-172628a42d58,New York,Active,1,6.8
5f4793c5-4db8-42f0-826b-32b39bac0064,Charles,Morris,charles.morris@insighthub-internal.com,(214)956-3944,Sales,Account Executive,2020-01-19,76000,2754173a-63e9-42e2-b8a0-34eb11fac013,San Francisco,On Leave,3,6.4
8952417e-043c-4190-a0b3-b52f7aac7f81,Cynthia,Campos,cynthia.campos@insighthub-internal.com,289-237-3402x3206,Engineering,Senior Software Engineer,2024-08-22,85000,e85ee363-0307-405e-b0a9-feeff9a9b10d,Seattle,On Leave,3,1.8
8364ff8f-5d13-45f1-b695-222ba5a0865f,Jason,Craig,jason.craig@insighthub-internal.com,001-763-878-9684x599,Operations,Director of Operations,2020-10-22,86000,e7560864-e38d-4c3d-babe-c40bd1151599,San Francisco,Terminated,5,5.6
b62b2aa5-a11d-48c2-bfa1-ce558bd63f18,Xavier,Acosta,xavier.acosta@insighthub-internal.com,534.350.1209,Customer Support,Senior Support Specialist,2024-01-25,55000,e85ee363-0307-405e-b0a9-feeff9a9b10d,Remote,Active,5,2.4
d1e67e74-fc88-41d7-8fa3-73139ab4c1be,Tiffany,Drake,tiffany.drake@insighthub-internal.com,001-807-465-6343x8679,Sales,Account Executive,2024-02-13,69000,f4aea251-4ec2-4fb3-b7eb-3b44ff459319,Austin,Active,1,2.3
24be1055-2244-4485-b771-a379d937b8e3,Christine,Wall,christine.wall@insighthub-internal.com,8903352779,Marketing,Campaign Manager,2022-01-28,90000,1f21ede9-db19-40b8-a081-b53b07a3b63b,San Francisco,Active,5,4.3
cac9cac1-54d9-42bf-a83a-5b3bf63447be,Rodney,Thomas,rodney.thomas@insighthub-internal.com,911-266-2218x661,Customer Support,Support Specialist,2017-10-15,57000,f85f50eb-aa6e-4c4d-818e-62450aa9916d,San Francisco,Active,4,8.6
dd74ce63-a02c-40e2-a650-8e62d0212cd0,Megan,Harrison,megan.harrison@insighthub-internal.com,925-768-4978,Customer Support,Support Team Lead,2026-03-05,72000,935783ee-4a8f-4469-a2ee-4c6bb9d66c9c,Chicago,Active,5,0.2
4ca0fe57-6a81-4657-9a05-8a2aff71807a,Amy,Cooper,amy.cooper@insighthub-internal.com,834.913.9631,Customer Support,Senior Support Specialist,2019-10-25,73000,e2f5f94e-cf7a-466f-8e6e-5b12a29744a4,New York,Active,4,6.6
0164c80b-1df4-416e-a01a-8b84413a4dfb,Jacob,Lee,jacob.lee@insighthub-internal.com,001-612-975-2427,Engineering,Engineering Manager,2023-02-21,147000,9cce7d01-708e-472c-824a-ee69d849cde0,Atlanta,Active,3,3.3
512ae6c0-abe4-4c81-83db-4f133fe4a75c,Seth,Yu,seth.yu@insighthub-internal.com,+1-778-849-2515x174,Customer Support,Support Team Lead,2018-12-01,72000,2754173a-63e9-42e2-b8a0-34eb11fac013,New York,Active,3,7.5
78b583f5-4179-4683-8caa-93861de382c6,David,Olson,david.olson@insighthub-internal.com,727.648.6471x8421,Engineering,Engineering Manager,2014-05-05,180000,f4aea251-4ec2-4fb3-b7eb-3b44ff459319,San Francisco,Terminated,5,12.1
57dbbdd6-11b0-427f-b002-996ad629466d,Sharon,Hill,sharon.hill@insighthub-internal.com,377-504-4608x09267,Engineering,Senior Software Engineer,2020-10-18,92000,e85ee363-0307-405e-b0a9-feeff9a9b10d,Austin,Active,4,5.6
7e7c42db-9a25-4a16-b56b-308106151629,Caroline,Ford,caroline.ford@insighthub-internal.com,(984)332-2113,Engineering,Software Engineer,2022-03-03,168000,f85f50eb-aa6e-4c4d-818e-62450aa9916d,New York,Active,5,4.3
bf4c5ec8-d1c9-49b8-b525-34422a0de944,Melanie,Rivera,melanie.rivera@insighthub-internal.com,7586817442,Customer Support,Support Specialist,2022-03-25,56000,9cce7d01-708e-472c-824a-ee69d849cde0,Chicago,Active,2,4.2
d40aac5b-6d70-4f24-ba00-467d85bb2374,Joseph,Martin,joseph.martin@insighthub-internal.com,001-224-688-5938x806,Customer Support,Support Specialist,2015-05-11,44000,dc2f5647-ae43-42bc-a22e-2e6616dd9cb9,Seattle,Active,3,11.1
1adb7b44-6ee6-45aa-ba32-0229340a4d9d,Laura,May,laura.may@insighthub-internal.com,811-718-9288,Sales,Sales Manager,2014-08-02,116000,935783ee-4a8f-4469-a2ee-4c6bb9d66c9c,Chicago,Active,1,11.8
0b785329-e5f4-4da4-a417-b2b6ecd57ff0,Nicole,Oconnell,nicole.oconnell@insighthub-internal.com,971.910.1298x50132,Engineering,Software Engineer,2018-01-14,85000,3041207d-d7af-4130-bee6-2d271e81b371,Austin,Active,3,8.4
40e716c0-c3d6-4b89-bf57-60751c606d2c,Thomas,Brown,thomas.brown@insighthub-internal.com,001-694-225-4973,Engineering,Engineering Manager,2015-02-18,140000,9f1dc477-c3fa-4e40-a3c6-e01a34744e6d,Austin,Active,3,11.3
2a66bcec-f800-4751-8385-82e8db2e07d7,Jennifer,Cherry,jennifer.cherry@insighthub-internal.com,+1-295-283-4158x421,Engineering,Senior Software Engineer,2017-05-11,157000,f4aea251-4ec2-4fb3-b7eb-3b44ff459319,New York,Terminated,5,9.1
7116cc0c-6df5-4b0c-bdee-7f74f918922b,Ashlee,Johnston,ashlee.johnston@insighthub-internal.com,7553438717,Customer Support,Senior Support Specialist,2016-08-11,44000,14a42899-a35f-4e8a-8019-63a30e074822,San Francisco,Active,5,9.8
f3e0975f-df68-40aa-a91d-6865ac44f5b2,Lynn,Cook,lynn.cook@insighthub-internal.com,412-225-1274,Sales,Sales Manager,2019-09-04,55000,f4aea251-4ec2-4fb3-b7eb-3b44ff459319,Remote,Active,1,6.7
0381ff0b-a39f-4722-aec0-8058318040f8,Erica,Pope,erica.pope@insighthub-internal.com,369-820-0755,Marketing,Campaign Manager,2021-06-07,94000,1f21ede9-db19-40b8-a081-b53b07a3b63b,Boston,Active,2,5.0
4774146d-728b-4386-b0ee-dff01c81cf91,Ryan,Horn,ryan.horn@insighthub-internal.com,933-689-3440x26295,Customer Support,Support Team Lead,2020-06-07,43000,a272a08e-8815-4ef7-8c46-60003b0a0272,Seattle,Terminated,4,6.0
454e3901-7ec5-4730-9941-f9b8cfe4dd27,Jason,Roberts,jason.roberts@insighthub-internal.com,(597)651-0854x4557,HR,HR Manager,2015-11-18,67000,14a42899-a35f-4e8a-8019-63a30e074822,New York,Active,1,10.5
ca435b57-0891-4eeb-964f-3bcbb01a050e,Bonnie,Sweeney,bonnie.sweeney@insighthub-internal.com,563-351-7963x1503,Marketing,Content Strategist,2025-11-12,86000,e9d1dc6b-b16e-4b5f-bc71-608e46901d43,New York,On Leave,4,0.6
003f3207-4d66-4352-90dd-2146243e5501,Alice,Austin,alice.austin@insighthub-internal.com,(367)455-2941,Finance,Senior Financial Analyst,2024-04-24,73000,270df86f-c8a9-4dc6-aee5-172628a42d58,Austin,Active,4,2.1
bc775c20-8111-4f0a-968b-9d651a57261a,Kendra,Wells,kendra.wells@insighthub-internal.com,616.291.7714x70643,Sales,Sales Representative,2017-06-17,73000,f4aea251-4ec2-4fb3-b7eb-3b44ff459319,Austin,Terminated,5,9.0
469827aa-6922-4c72-9a6e-bfee6b74bb10,Charles,Williams,charles.williams@insighthub-internal.com,+1-942-401-6916x319,Finance,Senior Financial Analyst,2022-10-24,89000,f4aea251-4ec2-4fb3-b7eb-3b44ff459319,Austin,Active,5,3.6
20364758-7d7a-490a-82d7-92e6cb8efa37,Cynthia,Glass,cynthia.glass@insighthub-internal.com,(922)675-7377x8029,Engineering,Engineering Manager,2014-03-19,166000,e85ee363-0307-405e-b0a9-feeff9a9b10d,New York,Active,1,12.2
614942a1-5185-473b-b971-1aedc64ffb66,Wendy,Moore,wendy.moore@insighthub-internal.com,001-373-231-0158x339,Operations,Director of Operations,2017-12-11,73000,a272a08e-8815-4ef7-8c46-60003b0a0272,Seattle,Active,4,8.5
2782b352-72ce-48b3-a537-a88631ed1541,Jacob,Brown,jacob.brown@insighthub-internal.com,3555607579,Engineering,Staff Engineer,2016-02-08,180000,dc2f5647-ae43-42bc-a22e-2e6616dd9cb9,Remote,Active,5,10.3
1c176606-fa6d-4256-ad6c-3aaf06ef7e6b,Charles,Meyers,charles.meyers@insighthub-internal.com,2363004632,Sales,Sales Representative,2024-03-09,76000,61d04f7d-1ee6-4d83-a323-f2d1805e2523,Seattle,Active,5,2.2
7d528c08-956a-4baa-b5e8-dd361972b248,Shannon,Rose,shannon.rose@insighthub-internal.com,305-782-1706x15569,Engineering,Engineering Manager,2022-06-22,103000,64cdeda9-851b-45d1-b5b4-c0f1bccbfbe7,Chicago,On Leave,4,3.9
a640394d-a2a6-40b8-a79c-040e24c19f95,Jeremy,Lopez,jeremy.lopez@insighthub-internal.com,+1-972-795-0277x2578,Operations,Operations Manager,2019-06-16,69000,9d6bfac9-163c-4765-89b1-d20ce65da408,Chicago,Active,3,7.0
4afc7dda-8073-4c7c-831c-7d36326040a3,Ryan,Chambers,ryan.chambers@insighthub-internal.com,253.576.6989x59157,Customer Support,Senior Support Specialist,2025-02-16,56000,9d6bfac9-163c-4765-89b1-d20ce65da408,Remote,Active,2,1.3
549278a7-589d-40a8-a53c-f36a42ad1424,Evan,Wallace,evan.wallace@insighthub-internal.com,890-982-9412,Engineering,Software Engineer,2024-10-09,141000,a272a08e-8815-4ef7-8c46-60003b0a0272,Austin,Active,5,1.6
a02af4e8-3e36-4182-b286-bec806aec434,Nathaniel,Cardenas,nathaniel.cardenas@insighthub-internal.com,660-702-1019,Operations,Director of Operations,2026-04-19,60000,64cdeda9-851b-45d1-b5b4-c0f1bccbfbe7,Seattle,Active,1,0.1
22dcf37b-21a4-417b-b55c-fc7ffac8e409,Kelly,Hess,kelly.hess@insighthub-internal.com,637-619-3100x29503,Customer Support,Senior Support Specialist,2025-04-15,43000,64cdeda9-851b-45d1-b5b4-c0f1bccbfbe7,Atlanta,Active,3,1.1
006aba69-6766-494b-b8ad-acbbcb83cdde,Edwin,Booth,edwin.booth@insighthub-internal.com,(364)438-0442x94649,Engineering,Staff Engineer,2018-07-02,135000,f85f50eb-aa6e-4c4d-818e-62450aa9916d,Boston,Terminated,4,7.9
19c600cd-b69a-4a08-9bfd-00af3131cd7b,Austin,Butler,austin.butler@insighthub-internal.com,204.936.6414x6933,Engineering,Staff Engineer,2014-02-11,146000,1f21ede9-db19-40b8-a081-b53b07a3b63b,Boston,Active,4,12.3
bbce54d5-7c96-4b07-9d74-f09fb0aa84f4,Carl,Dixon,carl.dixon@insighthub-internal.com,001-645-344-0986x49103,Engineering,Senior Software Engineer,2022-09-09,156000,e2f5f94e-cf7a-466f-8e6e-5b12a29744a4,Seattle,Active,5,3.7
5e021e0b-f8dd-4afa-a07b-8d0e5d98d8b2,William,Stewart,william.stewart@insighthub-internal.com,001-935-941-0069x8583,Finance,Senior Financial Analyst,2016-01-01,99000,61d04f7d-1ee6-4d83-a323-f2d1805e2523,Atlanta,Active,4,10.4
b47a1ddd-da9a-46a0-80dd-7e41bd1a79d9,Edward,Brown,edward.brown@insighthub-internal.com,(543)792-3253x5685,Customer Support,Support Team Lead,2024-03-10,48000,a3c18000-6f5c-4c35-94f0-b7d07c31c103,Remote,Active,3,2.2
d1d0ce4a-a6e4-479b-ab84-cc2c1e2954bc,Christopher,Marks,christopher.marks@insighthub-internal.com,978-303-6310,Customer Support,Senior Support Specialist,2016-12-29,58000,270df86f-c8a9-4dc6-aee5-172628a42d58,Austin,Active,3,9.4
49dc7e53-1653-4ff8-ba26-fa90b24aecef,Yolanda,Smith,yolanda.smith@insighthub-internal.com,(615)539-7673x8483,Marketing,Content Strategist,2014-07-19,76000,e2f5f94e-cf7a-466f-8e6e-5b12a29744a4,Remote,On Leave,3,11.9
2baab5cb-b689-46a1-89b5-34b6d30f7ab7,Michael,Stevens,michael.stevens@insighthub-internal.com,579-547-3593,Marketing,Campaign Manager,2022-05-12,89000,e85ee363-0307-405e-b0a9-feeff9a9b10d,Chicago,Active,3,4.1
cee14e2a-72b4-46f7-9990-e79f22441c89,Jacqueline,Luna,jacqueline.luna@insighthub-internal.com,464.797.4828x903,Customer Support,Senior Support Specialist,2025-05-22,64000,1f21ede9-db19-40b8-a081-b53b07a3b63b,Remote,Active,4,1.0
8cc20b9a-8dc4-468d-80fe-5fad518fb561,Dawn,Bennett,dawn.bennett@insighthub-internal.com,001-478-676-9750x3092,Customer Support,Support Team Lead,2025-01-06,46000,61d04f7d-1ee6-4d83-a323-f2d1805e2523,Boston,Active,5,1.4
d0094d82-fb6e-4e29-8701-da935be7389f,Shelby,Malone,shelby.malone@insighthub-internal.com,+1-439-415-8508x346,Engineering,Staff Engineer,2026-05-15,133000,a3c18000-6f5c-4c35-94f0-b7d07c31c103,New York,Active,4,0.1
f11d78ea-cefc-45c9-a2ed-0ee0450a2c3d,Hannah,Williams,hannah.williams@insighthub-internal.com,717-799-7448x2951,Customer Support,Senior Support Specialist,2022-03-02,65000,270df86f-c8a9-4dc6-aee5-172628a42d58,Chicago,Active,2,4.3
149a47b5-b60b-4a52-b64a-e46aa1982653,Brian,Garza,brian.garza@insighthub-internal.com,001-879-226-9681x10201,Sales,Sales Manager,2020-08-21,109000,22e8d4b7-bb2e-4be6-8055-0ff62cc29846,Remote,Active,2,5.8
4c711e74-df65-4a64-ac8c-adf2c9eef871,Amanda,Nicholson,amanda.nicholson@insighthub-internal.com,313.967.0265,Customer Support,Support Team Lead,2014-07-11,58000,14a42899-a35f-4e8a-8019-63a30e074822,New York,Active,3,11.9
9b435ac9-815c-4288-9c3e-ac509f80ae22,Kimberly,Marks,kimberly.marks@insighthub-internal.com,(502)400-7751x8465,Customer Support,Support Team Lead,2016-09-13,55000,a3c18000-6f5c-4c35-94f0-b7d07c31c103,Atlanta,Active,5,9.7
2d01dd84-523b-4ee3-8751-3dadd736157b,Margaret,Myers,margaret.myers@insighthub-internal.com,+1-403-226-2978x57839,Customer Support,Support Team Lead,2016-03-17,68000,f85f50eb-aa6e-4c4d-818e-62450aa9916d,Boston,Active,5,10.2
e3f0d323-287e-424a-b144-4bbdbabf3b6b,James,Turner,james.turner@insighthub-internal.com,(581)314-2485x615,Finance,Financial Analyst,2016-04-23,140000,270df86f-c8a9-4dc6-aee5-172628a42d58,Atlanta,Active,5,10.1
750103fd-6dd9-498f-a239-ca7d53dc70ec,Tamara,Colon,tamara.colon@insighthub-internal.com,678-586-8491x33063,Customer Support,Support Team Lead,2024-04-16,63000,2754173a-63e9-42e2-b8a0-34eb11fac013,Atlanta,Active,5,2.1
3af50e8f-f618-48a5-a1c5-1938278fbddc,Amy,Bryant,amy.bryant@insighthub-internal.com,361-823-7542x804,Sales,Account Executive,2023-10-01,69000,9cce7d01-708e-472c-824a-ee69d849cde0,Remote,Active,3,2.7
d26153a1-e47d-40db-8220-8b9df1cf4211,Brittney,Snyder,brittney.snyder@insighthub-internal.com,(854)555-6674x998,Engineering,Senior Software Engineer,2024-07-20,97000,909edffb-a072-4476-b02a-0beac6ebf5fa,Seattle,Active,3,1.9
66368334-e110-4f9d-ba4c-5db7cefe1789,Gloria,Berger,gloria.berger@insighthub-internal.com,238-425-8807,Marketing,Marketing Analyst,2024-05-08,74000,14a42899-a35f-4e8a-8019-63a30e074822,Chicago,Active,2,2.1
10aa2530-71d3-4262-9d3e-9a2204c0443c,Jeffrey,Hall,jeffrey.hall@insighthub-internal.com,803-559-9605,Marketing,Campaign Manager,2020-05-24,86000,a272a08e-8815-4ef7-8c46-60003b0a0272,New York,Active,1,6.0
f18f94cc-90ee-4c66-bf56-2bc5e23c2c2b,Courtney,Nelson,courtney.nelson@insighthub-internal.com,+1-620-716-9398x17425,Engineering,Engineering Manager,2019-12-13,167000,f4aea251-4ec2-4fb3-b7eb-3b44ff459319,New York,Active,4,6.5
ab7ed64a-6b0e-4f9f-88dc-edc7347d18f5,Stephen,Chaney,stephen.chaney@insighthub-internal.com,559.752.1663x59970,Customer Support,Support Team Lead,2025-08-08,57000,22e8d4b7-bb2e-4be6-8055-0ff62cc29846,Seattle,Active,4,0.8
60fed622-0bd2-420c-ab3b-6ea9fefeb9ff,Anita,Hull,anita.hull@insighthub-internal.com,4536862044,Sales,Sales Representative,2014-07-29,94000,dc2f5647-ae43-42bc-a22e-2e6616dd9cb9,Boston,On Leave,3,11.8
94c0325d-8251-442c-aac6-b41785e12652,Tiffany,Mclean,tiffany.mclean@insighthub-internal.com,+1-977-802-6611x7980,Engineering,Senior Software Engineer,2019-04-11,126000,1f21ede9-db19-40b8-a081-b53b07a3b63b,Seattle,Active,5,7.1
361ac77a-0947-4659-8820-a53dc4f2c419,Curtis,Hale,curtis.hale@insighthub-internal.com,001-578-528-1260x89613,Finance,Controller,2021-12-19,94000,7c96b3bd-730a-4a9e-b546-b95ec3ceee3e,Boston,Active,3,4.5
b14945e1-8ad9-4140-a22d-c6c146c8a9a3,Megan,Robinson,megan.robinson@insighthub-internal.com,+1-435-921-9103,Finance,Controller,2017-11-27,113000,22e8d4b7-bb2e-4be6-8055-0ff62cc29846,Boston,Active,5,8.5
18ebb4a5-eeab-4008-a9c8-8d1317403cbe,Casey,Benjamin,casey.benjamin@insighthub-internal.com,(668)263-4716,Marketing,Content Strategist,2015-08-26,104000,61d04f7d-1ee6-4d83-a323-f2d1805e2523,Seattle,Active,3,10.8
d737e07b-70ca-4b80-9d55-9aa4d4f6d1c4,Lucas,Garza,lucas.garza@insighthub-internal.com,001-512-218-0685x6604,Engineering,Engineering Manager,2016-10-07,94000,14a42899-a35f-4e8a-8019-63a30e074822,Atlanta,Active,5,9.7
510a93a4-fd2e-49ca-894e-5368bc20ba34,Elizabeth,Gomez,elizabeth.gomez@insighthub-internal.com,001-387-268-0165x5374,Customer Support,Support Team Lead,2019-03-10,74000,270df86f-c8a9-4dc6-aee5-172628a42d58,San Francisco,Active,1,7.2
c3c9a1a8-5403-4566-ba8f-aea9bc56b94c,Heather,Robinson,heather.robinson@insighthub-internal.com,433.872.3780,Sales,Account Executive,2018-06-28,73000,61d04f7d-1ee6-4d83-a323-f2d1805e2523,Austin,Active,5,7.9
e07ec0ec-8511-43a2-b3e0-2650183cc672,Nicole,Garza,nicole.garza@insighthub-internal.com,+1-523-948-1548x74390,Engineering,Software Engineer,2023-03-20,166000,909edffb-a072-4476-b02a-0beac6ebf5fa,Atlanta,Active,2,3.2
e81bb015-789e-4b04-bd7d-dab6a9ccb6ca,Melissa,Ramirez,melissa.ramirez@insighthub-internal.com,(416)401-5295x09961,HR,HR Coordinator,2020-05-28,79000,dc2f5647-ae43-42bc-a22e-2e6616dd9cb9,Seattle,Active,3,6.0
ecb7eb9c-84d2-417f-80bb-e6b2a6c7e174,Jennifer,Hendricks,jennifer.hendricks@insighthub-internal.com,+1-534-738-5497x0425,Engineering,Senior Software Engineer,2023-08-02,100000,2754173a-63e9-42e2-b8a0-34eb11fac013,San Francisco,Terminated,3,2.8
3f919bd6-15df-4ba5-9a49-4ff11aafba86,Kenneth,Ortega,kenneth.ortega@insighthub-internal.com,(951)886-7226x6645,Engineering,Engineering Manager,2025-02-11,153000,a272a08e-8815-4ef7-8c46-60003b0a0272,Chicago,Active,4,1.3
d92c0130-fa99-4231-9c7b-69ca8c26d427,Derrick,Thompson,derrick.thompson@insighthub-internal.com,459-826-7940,HR,HR Business Partner,2024-11-28,85000,14a42899-a35f-4e8a-8019-63a30e074822,Boston,Active,4,1.5
437ede1e-4efd-4da8-b88a-8e197934a226,Joshua,Garcia,joshua.garcia@insighthub-internal.com,+1-861-442-6465,Engineering,Software Engineer,2015-09-25,171000,935783ee-4a8f-4469-a2ee-4c6bb9d66c9c,New York,Active,4,10.7
45a7bf67-6881-4df7-a1f6-a61d341f39cd,Christopher,Ortiz,christopher.ortiz@insighthub-internal.com,876-612-4472,Engineering,Software Engineer,2020-09-24,114000,14a42899-a35f-4e8a-8019-63a30e074822,Chicago,Active,3,5.7
76fe8f57-5bbb-4e32-8953-ca6f2a167be5,William,Miller,william.miller@insighthub-internal.com,404.444.4665x5969,Sales,Sales Manager,2025-01-03,99000,61d04f7d-1ee6-4d83-a323-f2d1805e2523,Boston,Active,4,1.4
39b6b6b9-c88d-445a-8701-1d36dc2d9b3b,Michael,Smith,michael.smith@insighthub-internal.com,784.654.4411,Engineering,Software Engineer,2015-05-20,160000,9d6bfac9-163c-4765-89b1-d20ce65da408,San Francisco,Active,4,11.0
2adb37ef-0642-4a25-8a18-bdd322d5b279,Katherine,Alexander,katherine.alexander@insighthub-internal.com,532.990.2204x927,Customer Support,Support Specialist,2014-12-03,72000,9d6bfac9-163c-4765-89b1-d20ce65da408,Seattle,Terminated,4,11.5
8c1b0052-fc53-46b2-ab74-61d1426ec458,Jennifer,Monroe,jennifer.monroe@insighthub-internal.com,001-703-681-8379x003,Customer Support,Support Specialist,2020-08-24,60000,a3c18000-6f5c-4c35-94f0-b7d07c31c103,Atlanta,Active,5,5.8
9d1a275f-cdb3-46ca-a754-23630a61e388,Kevin,Kent,kevin.kent@insighthub-internal.com,+1-420-624-9272,Sales,Sales Representative,2020-12-28,82000,270df86f-c8a9-4dc6-aee5-172628a42d58,New York,On Leave,3,5.4
361e2e55-3308-4592-ab2b-8d459275b0c5,Alejandro,Guerra,alejandro.guerra@insighthub-internal.com,001-918-868-4002,Customer Support,Support Specialist,2021-08-08,74000,a3c18000-6f5c-4c35-94f0-b7d07c31c103,New York,Active,4,4.8
de2a5788-286a-4e92-a5fb-237ce5380111,Jose,Hunt,jose.hunt@insighthub-internal.com,358-488-7884,Customer Support,Senior Support Specialist,2015-12-04,42000,7c96b3bd-730a-4a9e-b546-b95ec3ceee3e,Austin,Active,2,10.5
1442c8ec-a4f4-44fa-be45-4451d5c02973,Robin,Lewis,robin.lewis@insighthub-internal.com,307.927.6562,Sales,Sales Representative,2016-12-10,89000,7c96b3bd-730a-4a9e-b546-b95ec3ceee3e,Atlanta,Active,4,9.5
65ade05f-e1f8-4df2-b561-626e45eef6af,Cassandra,Smith,cassandra.smith@insighthub-internal.com,7303114117,Engineering,Senior Software Engineer,2025-10-03,166000,f85f50eb-aa6e-4c4d-818e-62450aa9916d,New York,Active,2,0.7
3615fad0-10c7-4f04-9879-326e8d27a1a8,Denise,Graves,denise.graves@insighthub-internal.com,469.930.0707x6521,Customer Support,Support Team Lead,2017-02-23,61000,e9d1dc6b-b16e-4b5f-bc71-608e46901d43,San Francisco,Active,1,9.3
121f69f7-388d-47ad-b88d-4a8c3968c82c,David,Baker,david.baker@insighthub-internal.com,(899)559-2114,Finance,Senior Financial Analyst,2020-03-31,80000,f85f50eb-aa6e-4c4d-818e-62450aa9916d,Austin,Terminated,2,6.2
83a0b82d-d576-41d2-af8d-6ec2de273f1f,Lisa,Garcia,lisa.garcia@insighthub-internal.com,001-932-731-4529,Marketing,Marketing Director,2017-01-30,115000,dc2f5647-ae43-42bc-a22e-2e6616dd9cb9,Atlanta,Active,4,9.3
cf31bf66-106f-423a-b49a-0213e5ab8ca9,Stacey,Mcgee,stacey.mcgee@insighthub-internal.com,491.748.1649x74475,Customer Support,Senior Support Specialist,2014-01-03,69000,61d04f7d-1ee6-4d83-a323-f2d1805e2523,Austin,Active,3,12.4
b90daeb2-8fa7-48c4-aa90-a4d14241825a,Christopher,Baker,christopher.baker@insighthub-internal.com,635.293.4478x6804,Finance,Senior Financial Analyst,2023-03-03,84000,64cdeda9-851b-45d1-b5b4-c0f1bccbfbe7,San Francisco,Terminated,2,3.3
26326d38-6a5d-4abd-96bc-90afe967efc0,Jeffrey,Mclean,jeffrey.mclean@insighthub-internal.com,(494)723-5917,Engineering,Engineering Manager,2019-03-22,167000,e7560864-e38d-4c3d-babe-c40bd1151599,Remote,Terminated,2,7.2
867dfa05-8eb8-47c8-937a-f9275e00bc77,Tyler,Gillespie,tyler.gillespie@insighthub-internal.com,446-365-9843x6499,Marketing,Marketing Analyst,2019-05-20,92000,935783ee-4a8f-4469-a2ee-4c6bb9d66c9c,Remote,Active,3,7.0
c9e4647c-4b5a-4663-98c3-a0df2bbdd544,Michelle,Greene,michelle.greene@insighthub-internal.com,001-605-991-0656x40657,Sales,Account Executive,2025-06-14,115000,f4aea251-4ec2-4fb3-b7eb-3b44ff459319,Atlanta,Active,4,1.0
d27fe856-8c2b-43f5-9ce2-28fb40c06c05,Alexis,Carpenter,alexis.carpenter@insighthub-internal.com,001-210-222-0327x390,Customer Support,Senior Support Specialist,2015-04-20,63000,e7560864-e38d-4c3d-babe-c40bd1151599,New York,Active,4,11.1
3a7f2601-f6fe-4832-a5c7-7ed1ad5e6ce9,Jessica,Roberts,jessica.roberts@insighthub-internal.com,335.798.1125,Operations,Director of Operations,2024-11-01,86000,1f21ede9-db19-40b8-a081-b53b07a3b63b,Chicago,Active,1,1.6
280e2759-a415-42aa-9236-df3957d46c65,Kristopher,Rubio,kristopher.rubio@insighthub-internal.com,377-346-8625x0101,Customer Support,Support Team Lead,2024-01-04,67000,f85f50eb-aa6e-4c4d-818e-62450aa9916d,Austin,On Leave,4,2.4
99087688-ef83-4bfe-b2ca-b7e966dd3bb9,Martha,Smith,martha.smith@insighthub-internal.com,948.847.4360x91540,Engineering,Staff Engineer,2025-10-05,165000,61d04f7d-1ee6-4d83-a323-f2d1805e2523,Chicago,Active,5,0.7
da809fef-9433-4be5-9c73-56c28a5986a2,Tara,Nelson,tara.nelson@insighthub-internal.com,+1-397-647-0533x20122,Engineering,Staff Engineer,2024-06-11,124000,e9d1dc6b-b16e-4b5f-bc71-608e46901d43,New York,Active,1,2.0
1f67b198-5006-4a27-a669-b2156949a704,Frederick,Grant,frederick.grant@insighthub-internal.com,3229453198,Sales,Sales Manager,2024-05-06,63000,e9d1dc6b-b16e-4b5f-bc71-608e46901d43,San Francisco,Active,4,2.1
a0eb1bf9-d53d-4ddb-8da7-336bc18f4aec,Erik,Lee,erik.lee@insighthub-internal.com,(416)305-2086x7323,Engineering,Senior Software Engineer,2022-01-10,108000,e85ee363-0307-405e-b0a9-feeff9a9b10d,Seattle,Active,3,4.4
1c7f5a59-5a7d-4832-a4db-7e1c8a772bf7,Sheri,Mcdonald,sheri.mcdonald@insighthub-internal.com,001-984-230-0116x46956,Sales,Sales Manager,2024-12-02,98000,dc2f5647-ae43-42bc-a22e-2e6616dd9cb9,Chicago,Active,5,1.5
57fe3301-fb89-4b59-8314-4386d526f991,Amanda,Choi,amanda.choi@insighthub-internal.com,207-720-8091x57106,Operations,Operations Analyst,2016-04-25,68000,1f21ede9-db19-40b8-a081-b53b07a3b63b,Austin,Active,5,10.1
0cae655b-ff25-469b-897e-8ff04e53ed50,Phillip,Reynolds,phillip.reynolds@insighthub-internal.com,+1-556-696-7276x2031,Sales,Sales Representative,2014-07-26,107000,61d04f7d-1ee6-4d83-a323-f2d1805e2523,Remote,Active,5,11.9
b1e6da47-6da0-47d7-819f-cdabdedfac6e,Molly,Velazquez,molly.velazquez@insighthub-internal.com,+1-963-504-4810,Engineering,Software Engineer,2016-05-19,137000,909edffb-a072-4476-b02a-0beac6ebf5fa,New York,On Leave,2,10.0
74cec294-9f1f-409f-ad57-05d0f8123710,Cristina,Alexander,cristina.alexander@insighthub-internal.com,840-891-5360x002,Customer Support,Support Specialist,2023-10-26,59000,3041207d-d7af-4130-bee6-2d271e81b371,Austin,Active,4,2.6
3d9eb278-1413-43ad-ae05-c86f2d1bf4f8,Paul,Castaneda,paul.castaneda@insighthub-internal.com,+1-447-380-4717x1433,Engineering,Senior Software Engineer,2017-10-21,146000,e2f5f94e-cf7a-466f-8e6e-5b12a29744a4,New York,Active,4,8.6
5cc30eff-2dfe-449c-bca1-36f35b3dd7d9,Douglas,Berg,douglas.berg@insighthub-internal.com,545-646-2663x3069,Engineering,Staff Engineer,2017-10-30,144000,935783ee-4a8f-4469-a2ee-4c6bb9d66c9c,San Francisco,Active,3,8.6
89602149-9a8b-410b-8d72-2bd48b178365,Ethan,Jacobson,ethan.jacobson@insighthub-internal.com,001-459-484-9803x50229,Engineering,Engineering Manager,2023-08-31,159000,9d6bfac9-163c-4765-89b1-d20ce65da408,Boston,On Leave,5,2.8
ae0ecde1-d11e-4f8b-b001-11f103da077a,Karen,Tate,karen.tate@insighthub-internal.com,937.520.2032x760,Customer Support,Senior Support Specialist,2016-10-02,74000,a3c18000-6f5c-4c35-94f0-b7d07c31c103,Atlanta,Active,5,9.7
a8adc112-4340-44da-837b-415b2a59bc0e,Patrick,Morris,patrick.morris@insighthub-internal.com,864.220.7092x1758,Sales,Sales Representative,2016-08-25,95000,a3c18000-6f5c-4c35-94f0-b7d07c31c103,Remote,Active,5,9.8
aec2e449-80fa-417b-b520-69b2b2659b23,Isaiah,Fletcher,isaiah.fletcher@insighthub-internal.com,(955)486-0604,Customer Support,Support Specialist,2019-09-01,63000,909edffb-a072-4476-b02a-0beac6ebf5fa,Boston,Active,5,6.8
ccbc3300-418c-4ac0-ba21-706ef74a1a85,John,Gray,john.gray@insighthub-internal.com,001-414-797-8196x1115,Marketing,Marketing Director,2024-03-21,82000,9f1dc477-c3fa-4e40-a3c6-e01a34744e6d,New York,Active,1,2.2
c787c6da-f421-458d-b9b2-1473baa8f068,Lori,Harvey,lori.harvey@insighthub-internal.com,912-739-2991x5725,Operations,Operations Manager,2025-09-13,61000,7c96b3bd-730a-4a9e-b546-b95ec3ceee3e,San Francisco,Active,4,0.7
db6a393b-bd96-4fd8-8798-b7122ec30ea5,Michael,Martin,michael.martin@insighthub-internal.com,+1-713-839-6436,Customer Support,Senior Support Specialist,2016-12-02,50000,a3c18000-6f5c-4c35-94f0-b7d07c31c103,New York,Active,4,9.5
7e5482d5-6b1b-43d4-bb43-69f53cb8906a,Rhonda,Warren,rhonda.warren@insighthub-internal.com,652-458-1282x24116,Sales,Sales Manager,2019-07-20,66000,9f1dc477-c3fa-4e40-a3c6-e01a34744e6d,Chicago,Active,5,6.9
c78097e7-1648-4531-8a60-d3f35c32a39a,Joshua,Wells,joshua.wells@insighthub-internal.com,001-935-506-4737x8213,Finance,Controller,2014-08-10,130000,9cce7d01-708e-472c-824a-ee69d849cde0,Chicago,Terminated,4,11.8
7511c07f-f09f-468c-85cc-a2b89dd43258,Stephen,Taylor,stephen.taylor@insighthub-internal.com,416.701.3625,Sales,Sales Representative,2020-08-19,114000,9cce7d01-708e-472c-824a-ee69d849cde0,Seattle,Active,2,5.8
eeab1704-3454-4751-8133-380209b80e3e,Manuel,Ward,manuel.ward@insighthub-internal.com,531-361-2616x382,Sales,Account Executive,2020-07-16,116000,3041207d-d7af-4130-bee6-2d271e81b371,Austin,Active,4,5.9
f049a30f-3b8c-4718-8102-9056c85a742e,Richard,Smith,richard.smith@insighthub-internal.com,943.788.9019,Sales,Sales Representative,2016-04-28,71000,14a42899-a35f-4e8a-8019-63a30e074822,Atlanta,Active,2,10.1
d9632c99-d2db-43fb-b264-2f9a06e38878,Jacob,Gentry,jacob.gentry@insighthub-internal.com,829-851-9325x695,Customer Support,Support Team Lead,2014-01-29,67000,9cce7d01-708e-472c-824a-ee69d849cde0,New York,Active,4,12.3
896cd21e-6628-4374-b135-8cfccf2fdc7a,Megan,Cohen,megan.cohen@insighthub-internal.com,647-672-3735,Customer Support,Senior Support Specialist,2025-08-18,60000,f85f50eb-aa6e-4c4d-818e-62450aa9916d,San Francisco,Active,1,0.8
351680b3-6e7a-4627-b0d4-1ae159407a70,Sharon,Smith,sharon.smith@insighthub-internal.com,(823)489-5456x235,Operations,Operations Analyst,2021-03-12,56000,dc2f5647-ae43-42bc-a22e-2e6616dd9cb9,Atlanta,Active,4,5.2
48226358-596d-4503-aa06-44c726399dab,Ashley,Wood,ashley.wood@insighthub-internal.com,509.329.9082,Customer Support,Support Team Lead,2019-07-20,56000,14a42899-a35f-4e8a-8019-63a30e074822,Chicago,Active,4,6.9
ede49546-aae5-46be-9736-73e01cd5718a,Rebecca,Collins,rebecca.collins@insighthub-internal.com,5989285621,HR,HR Manager,2014-01-21,70000,909edffb-a072-4476-b02a-0beac6ebf5fa,Boston,Active,2,12.4
611fe382-34d4-45b6-9747-571dbd4931d3,Monica,Davis,monica.davis@insighthub-internal.com,+1-406-782-6561x63637,Customer Support,Support Specialist,2020-04-15,43000,22e8d4b7-bb2e-4be6-8055-0ff62cc29846,Boston,Active,3,6.1
ce330cd8-b03f-4c6e-8a4f-73c59e339681,Cristina,Byrd,cristina.byrd@insighthub-internal.com,001-879-339-0900x678,Customer Support,Support Team Lead,2017-05-08,74000,935783ee-4a8f-4469-a2ee-4c6bb9d66c9c,Chicago,Active,4,9.1
c4d63389-fe97-45b1-9a95-be3a758bf224,Robert,Hall,robert.hall@insighthub-internal.com,451.946.0369,Sales,Sales Representative,2017-03-31,64000,3041207d-d7af-4130-bee6-2d271e81b371,Austin,Active,3,9.2
b90a0b30-360b-4566-ae8a-09c012c62e08,Allison,George,allison.george@insighthub-internal.com,759.207.5782x5045,HR,HR Coordinator,2025-07-20,90000,f85f50eb-aa6e-4c4d-818e-62450aa9916d,Remote,Terminated,4,0.9
697d9935-4826-4b19-b17c-35e11b81d29f,Juan,Parker,juan.parker@insighthub-internal.com,+1-397-824-1213x79207,Engineering,Engineering Manager,2014-03-05,168000,1f21ede9-db19-40b8-a081-b53b07a3b63b,Boston,Active,2,12.2
b2a53368-f570-45f0-8424-903c049f737d,Cheryl,Hunter,cheryl.hunter@insighthub-internal.com,(843)754-6143x5654,Finance,Senior Financial Analyst,2025-01-06,122000,e7560864-e38d-4c3d-babe-c40bd1151599,Remote,Active,4,1.4
cd854d5d-e8a0-4a1b-b90d-bb8983718998,Christopher,Blair,christopher.blair@insighthub-internal.com,688-893-6603x7113,Finance,Financial Analyst,2024-03-06,136000,a272a08e-8815-4ef7-8c46-60003b0a0272,Atlanta,Active,3,2.2
5bcf9e09-d6db-45ac-9c04-ac77ab90ccec,John,Nelson,john.nelson@insighthub-internal.com,529-385-8258x420,Sales,Sales Representative,2020-01-17,82000,a272a08e-8815-4ef7-8c46-60003b0a0272,Remote,Active,3,6.4
3c1e3547-6052-42e7-9a7a-fdf776b4504f,Erica,Clark,erica.clark@insighthub-internal.com,8218590410,Marketing,Marketing Director,2014-12-25,87000,a3c18000-6f5c-4c35-94f0-b7d07c31c103,Seattle,Active,4,11.4
3ca8706e-d73b-40ad-aee3-450acc97782f,Tracy,Collier,tracy.collier@insighthub-internal.com,273-695-3666,Engineering,Staff Engineer,2022-05-14,163000,e9d1dc6b-b16e-4b5f-bc71-608e46901d43,New York,Active,3,4.1
12fbd6e0-c420-4e71-91c4-e1b788be892a,Kyle,Lopez,kyle.lopez@insighthub-internal.com,754.519.2700x665,Engineering,Staff Engineer,2026-05-15,116000,2754173a-63e9-42e2-b8a0-34eb11fac013,Austin,Active,4,0.1
e722b353-56ba-4b7b-9b25-a431542fbbdc,Angela,Young,angela.young@insighthub-internal.com,292.298.9756x4475,Sales,Account Executive,2021-06-15,72000,22e8d4b7-bb2e-4be6-8055-0ff62cc29846,Atlanta,Active,4,5.0
30b50c87-c994-46e6-a5a8-d0c2fc3fa1b2,Shane,Rocha,shane.rocha@insighthub-internal.com,949.775.3139,Finance,Finance Manager,2016-04-01,124000,f85f50eb-aa6e-4c4d-818e-62450aa9916d,Chicago,Active,3,10.2
ea4cca70-f978-4a58-8f16-a9ea3c9bd4a4,Christopher,Wilson,christopher.wilson@insighthub-internal.com,942.295.6778x40152,Customer Support,Senior Support Specialist,2026-02-02,56000,3041207d-d7af-4130-bee6-2d271e81b371,Austin,Active,5,0.3
7ced4cf7-ca46-4d83-81d2-7ec79f178cf5,Jason,Chavez,jason.chavez@insighthub-internal.com,774.985.7528x0346,HR,HR Manager,2021-07-31,71000,8ed82332-9b5d-49ec-8ee7-49262c739ffc,Remote,Active,2,4.8
2e58ee2b-0ed0-42fe-a5cd-6f3bd13e0bc8,Susan,Barker,susan.barker@insighthub-internal.com,(912)495-0834x74116,HR,HR Manager,2014-09-23,71000,3041207d-d7af-4130-bee6-2d271e81b371,New York,Active,3,11.7
f2eb8e20-48f2-4213-b12c-505836356350,Craig,Farrell,craig.farrell@insighthub-internal.com,471.644.5633x746,Engineering,Staff Engineer,2025-03-23,118000,14a42899-a35f-4e8a-8019-63a30e074822,Seattle,Active,5,1.2
ebeaa0f3-2d0a-406c-bfb4-3c2f16ff38a3,Stephen,Conley,stephen.conley@insighthub-internal.com,334.475.3321,Customer Support,Support Specialist,2020-12-27,63000,e2f5f94e-cf7a-466f-8e6e-5b12a29744a4,San Francisco,Active,4,5.4
30064de7-c40a-4899-9682-80f3fa7089ef,Linda,Phillips,linda.phillips@insighthub-internal.com,757-615-4069x059,Customer Support,Senior Support Specialist,2025-12-18,46000,e9d1dc6b-b16e-4b5f-bc71-608e46901d43,Remote,Active,1,0.5
c7b546d5-3eae-4e4a-a65c-3bdb44cb6499,Jeffrey,King,jeffrey.king@insighthub-internal.com,+1-792-716-1840x211,Engineering,Senior Software Engineer,2014-09-04,112000,8ed82332-9b5d-49ec-8ee7-49262c739ffc,San Francisco,Active,5,11.7
c7d85f1f-3a97-4979-9336-d142051c422d,Caitlin,Rose,caitlin.rose@insighthub-internal.com,(325)675-5196x710,Marketing,Marketing Analyst,2022-02-01,83000,9f1dc477-c3fa-4e40-a3c6-e01a34744e6d,San Francisco,Active,3,4.3
